seq,first,last
1,Marian,Fernandez
2,Jean,Hansen
3,Jane,Guzman
4,Lottie,Lambert
5,Jeff,Arnold
6,Ada,Stone
7,Lilly,Wilkins
8,Inez,Parker
9,Dollie,Cooper
10,Etta,Mathis
11,Francis,Carroll
12,Willie,Gordon
13,Dale,Carter
14,Lawrence,Cain
15,Roxie,Rogers
16,Cecelia,James
17,Mario,Butler
18,Leona,Chavez
19,Jackson,Nichols
20,Myrtie,Dixon
21,Barry,Cobb
22,Cameron,Buchanan
23,Lillian,Fleming
24,Franklin,Silva
25,Gussie,Singleton
26,Ada,Ruiz
27,Travis,Moss
28,Christian,Wells
29,Derrick,McBride
30,Anne,Blake
31,Elmer,Diaz
32,Jayden,Little
33,Katherine,Ingram
34,Alex,Bridges
35,Jeffery,Fletcher
36,Micheal,Ray
37,Alfred,Park
38,Mary,Cummings
39,Jeremiah,Singleton
40,Jeffery,Gutierrez
41,Johnny,Dawson
42,Jim,Carson
43,Polly,Powers
44,Alta,Hicks
45,Samuel,Larson
46,Rachel,Hardy
47,Corey,Jordan
48,John,Watson
49,Phillip,Page
50,Christina,Paul
51,Jean,Ballard
52,Howard,Lawson
53,Mary,Ford
54,Patrick,Greene
55,Brian,Rodriguez
56,Mildred,Reed
57,Tillie,Ramirez
58,Carolyn,Freeman
59,Christopher,Logan
60,Shawn,Ruiz
61,Owen,Nguyen
62,Emma,Briggs
63,Katie,Poole
64,Randy,Cortez
65,Josie,Graves
66,Estelle,Stevenson
67,Gerald,Patton
68,Cornelia,Morales
69,Gavin,Daniels
70,Ida,Holloway
71,Harriett,Cole
72,Tyler,Olson
73,Francis,Barton
74,Mario,Cortez
75,Albert,Blair
76,Lucille,Wheeler
77,Danny,Holloway
78,Fred,Greene
79,Tony,Powell
80,Dorothy,Holland
81,Michael,Martinez
82,Clara,Foster
83,Willie,Henderson
84,Milton,Roberts
85,Billy,Meyer
86,Bessie,Ramos
87,Nathaniel,Knight
88,Myrtie,Quinn
89,Minerva,Higgins
90,Lida,Aguilar
91,Trevor,Ramsey
92,Jesus,Fuller
93,Lilly,Paul
94,Todd,Montgomery
95,Phoebe,Cortez
96,Sam,Fields
97,Adelaide,Hopkins
98,Lelia,Curry
99,Don,Lloyd
100,Duane,Phillips
101,Beulah,Richardson
102,Lucille,Owen
103,Juan,Phelps
104,Cynthia,Curtis
105,Ricardo,Fleming
106,Herman,Wade
107,Dustin,Russell
108,Augusta,Wood
109,Leila,Quinn
110,Randy,Wells
111,Jack,Warren
112,Jessie,Bates
113,Angel,Wilson
114,Warren,French
115,Vera,Watson
116,Virginia,Palmer
117,Noah,Bowman
118,Theresa,Wong
119,Ina,Grant
120,George,Brady
121,Fannie,Pope
122,Aaron,Briggs
123,Nelle,Saunders
124,Adam,Saunders
125,Inez,Houston
126,Kevin,Armstrong
127,Ora,Robinson
128,Isaac,Curtis
129,William,Mills
130,Gilbert,Wise
131,Herbert,Barnes
132,Minnie,Webb
133,Chase,Silva
134,Mollie,Doyle
135,Cynthia,Fox
136,Lee,Dawson
137,Hettie,Bowen
138,Erik,Nunez
139,Barry,Colon
140,Nora,Moss
141,Michael,Erickson
142,Maud,Stewart
143,Estelle,Mack
144,Jerome,Warner
145,Kyle,Arnold
146,Scott,Cannon
147,Virgie,McCoy
148,Corey,Griffin
149,Blanche,Dean
150,Alfred,Herrera
151,Martha,Porter
152,Dominic,Oliver
153,Elva,Warner
154,Ralph,Schneider
155,Roger,Spencer
156,Michael,Griffin
157,Belle,Jackson
158,Mittie,Wilkins
159,Rosalie,Sherman
160,Charlotte,Logan
161,Marcus,Sullivan
162,Irene,Burke
163,Bessie,McKenzie
164,Lelia,Anderson
165,Olivia,Steele
166,Douglas,Little
167,Roger,Lawrence
168,Eugene,Schwartz
169,Mitchell,Nguyen
170,Lura,Neal
171,Jennie,Haynes
172,Gregory,Palmer
173,Rosalie,Peterson
174,Devin,Hubbard
175,Lena,Watts
176,Callie,Garza
177,Winnie,Adkins
178,Norman,Little
179,Frances,Robinson
180,Jane,Lee
181,Marie,Underwood
182,Theresa,Carter
183,Manuel,Griffith
184,Aaron,Cunningham
185,Nina,Andrews
186,John,Hudson
187,Andrew,Dunn
188,Blake,McCoy
189,Birdie,Alvarado
190,Rhoda,Fuller
191,Antonio,Shelton
192,Louise,Conner
193,Jeremy,Ball
194,Jordan,Watkins
195,Amanda,Stewart
196,Jared,Simmons
197,Randall,Lopez
198,Stella,Norman
199,Edwin,Nichols
200,Leo,Webb
201,Sara,McKinney
202,Beulah,Coleman
203,Joseph,Jimenez
204,Aiden,Bishop
205,Sally,Simpson
206,Larry,Turner
207,Henrietta,Martin
208,Harvey,Floyd
209,Vincent,Henderson
210,Calvin,Dawson
211,Tillie,Clarke
212,Luke,Lyons
213,Adele,Parker
214,Carlos,Mathis
215,Agnes,Kelly
216,Violet,Richards
217,Cynthia,Manning
218,Cecelia,Watkins
219,Elsie,Jacobs
220,Leo,Barnes
221,Jason,Castro
222,Shawn,Newman
223,Andrew,Wood
224,Stephen,Curry
225,Eugenia,Abbott
226,Lora,Wilson
227,Alta,Garrett
228,Augusta,Hines
229,Loretta,Lane
230,Ryan,West
231,Ida,Delgado
232,Walter,Burgess
233,Rose,Ross
234,Herbert,Hammond
235,Jesse,Flowers
236,Amy,Mullins
237,Clarence,Morris
238,Brett,Powell
239,Lester,Morton
240,Chase,Montgomery
241,Christine,Waters
242,Lucinda,Murphy
243,Marc,Tate
244,Victoria,Brown
245,Miguel,Fields
246,Verna,Gilbert
247,Lelia,Salazar
248,Della,Mathis
249,Emma,Barnett
250,Ida,Arnold
251,Max,White
252,Jeff,Young
253,Olga,Santiago
254,Ina,Snyder
255,Phoebe,Mathis
256,Tommy,Cain
257,Zachary,Clayton
258,Adele,Underwood
259,Nellie,Anderson
260,Marcus,Reyes
261,Milton,Warner
262,Isabella,Caldwell
263,Angel,Hernandez
264,Gregory,Massey
265,Cora,Cunningham
266,Luis,Rose
267,Harry,Mullins
268,May,Salazar
269,Hannah,Wilson
270,Isaac,Sparks
271,Alma,Pearson
272,Helen,Turner
273,Elmer,Duncan
274,Inez,Jimenez
275,Sallie,Howard
276,Clifford,Brewer
277,Maurice,Lawrence
278,Cecilia,Brewer
279,Connor,Ray
280,Adele,McDaniel
281,Ollie,Franklin
282,Betty,Singleton
283,Addie,Bradley
284,Adam,Tucker
285,Sadie,Wheeler
286,Joshua,Cummings
287,Albert,Sandoval
288,Leona,Ramsey
289,Olivia,Cobb
290,Alfred,Graves
291,Willie,Glover
292,Dominic,Ingram
293,Stella,Silva
294,Larry,Butler
295,Victoria,Potter
296,Viola,Crawford
297,Lenora,Brock
298,Lina,Daniels
299,Brandon,Figueroa
300,Harriett,Cunningham
